Year,Game ID,Series,URL1,URL2,Team1,Team2,Start Date,End Date
1993,001,eastern conference first round,/playoffs/1993-nba-eastern-conference-first-round-hornets-vs-celtics.html,/playoffs/1993-nba-eastern-conference-first-round-celtics-vs-hornets.html,N/A,N/A,N/A,N/A
1993,002,eastern conference first round,/playoffs/1993-nba-eastern-conference-first-round-bulls-vs-hawks.html,/playoffs/1993-nba-eastern-conference-first-round-hawks-vs-bulls.html,N/A,N/A,N/A,N/A
1993,003,eastern conference first round,/playoffs/1993-nba-eastern-conference-first-round-cavaliers-vs-nets.html,/playoffs/1993-nba-eastern-conference-first-round-nets-vs-cavaliers.html,N/A,N/A,N/A,N/A
1993,004,eastern conference first round,/playoffs/1993-nba-eastern-conference-first-round-knicks-vs-pacers.html,/playoffs/1993-nba-eastern-conference-first-round-pacers-vs-knicks.html,N/A,N/A,N/A,N/A
1993,005,western conference first round,/playoffs/1993-nba-western-conference-first-round-rockets-vs-clippers.html,/playoffs/1993-nba-western-conference-first-round-clippers-vs-rockets.html,N/A,N/A,N/A,N/A
1993,006,western conference first round,/playoffs/1993-nba-western-conference-first-round-suns-vs-lakers.html,/playoffs/1993-nba-western-conference-first-round-lakers-vs-suns.html,N/A,N/A,N/A,N/A
1993,007,western conference first round,/playoffs/1993-nba-western-conference-first-round-spurs-vs-trail-blazers.html,/playoffs/1993-nba-western-conference-first-round-trail-blazers-vs-spurs.html,N/A,N/A,N/A,N/A
1993,008,western conference first round,/playoffs/1993-nba-western-conference-first-round-supersonics-vs-jazz.html,/playoffs/1993-nba-western-conference-first-round-jazz-vs-supersonics.html,N/A,N/A,N/A,N/A
1993,009,eastern conference semifinals,/playoffs/1993-nba-eastern-conference-semifinals-bulls-vs-cavaliers.html,/playoffs/1993-nba-eastern-conference-semifinals-cavaliers-vs-bulls.html,N/A,N/A,N/A,N/A
1993,010,eastern conference semifinals,/playoffs/1993-nba-eastern-conference-semifinals-knicks-vs-hornets.html,/playoffs/1993-nba-eastern-conference-semifinals-hornets-vs-knicks.html,N/A,N/A,N/A,N/A
1993,011,western conference semifinals,/playoffs/1993-nba-western-conference-semifinals-suns-vs-spurs.html,/playoffs/1993-nba-western-conference-semifinals-spurs-vs-suns.html,N/A,N/A,N/A,N/A
1993,012,western conference semifinals,/playoffs/1993-nba-western-conference-semifinals-supersonics-vs-rockets.html,/playoffs/1993-nba-western-conference-semifinals-rockets-vs-supersonics.html,N/A,N/A,N/A,N/A
1993,013,eastern conference finals,/playoffs/1993-nba-eastern-conference-finals-bulls-vs-knicks.html,/playoffs/1993-nba-eastern-conference-finals-knicks-vs-bulls.html,N/A,N/A,N/A,N/A
1993,014,western conference finals,/playoffs/1993-nba-western-conference-finals-suns-vs-supersonics.html,/playoffs/1993-nba-western-conference-finals-supersonics-vs-suns.html,N/A,N/A,N/A,N/A
1993,015,finals,/playoffs/1993-nba-finals-bulls-vs-suns.html,/playoffs/1993-nba-finals-suns-vs-bulls.html,N/A,N/A,N/A,N/A
1992,016,eastern conference first round,/playoffs/1992-nba-eastern-conference-first-round-celtics-vs-pacers.html,/playoffs/1992-nba-eastern-conference-first-round-pacers-vs-celtics.html,N/A,N/A,N/A,N/A
1992,017,eastern conference first round,/playoffs/1992-nba-eastern-conference-first-round-bulls-vs-heat.html,/playoffs/1992-nba-eastern-conference-first-round-heat-vs-bulls.html,N/A,N/A,N/A,N/A
1992,018,eastern conference first round,/playoffs/1992-nba-eastern-conference-first-round-cavaliers-vs-nets.html,/playoffs/1992-nba-eastern-conference-first-round-nets-vs-cavaliers.html,N/A,N/A,N/A,N/A
1992,019,eastern conference first round,/playoffs/1992-nba-eastern-conference-first-round-knicks-vs-pistons.html,/playoffs/1992-nba-eastern-conference-first-round-pistons-vs-knicks.html,N/A,N/A,N/A,N/A
1992,020,western conference first round,/playoffs/1992-nba-western-conference-first-round-suns-vs-spurs.html,/playoffs/1992-nba-western-conference-first-round-spurs-vs-suns.html,N/A,N/A,N/A,N/A
1992,021,western conference first round,/playoffs/1992-nba-western-conference-first-round-trail-blazers-vs-lakers.html,/playoffs/1992-nba-western-conference-first-round-lakers-vs-trail-blazers.html,N/A,N/A,N/A,N/A
1992,022,western conference first round,/playoffs/1992-nba-western-conference-first-round-supersonics-vs-warriors.html,/playoffs/1992-nba-western-conference-first-round-warriors-vs-supersonics.html,N/A,N/A,N/A,N/A
1992,023,western conference first round,/playoffs/1992-nba-western-conference-first-round-jazz-vs-clippers.html,/playoffs/1992-nba-western-conference-first-round-clippers-vs-jazz.html,N/A,N/A,N/A,N/A
1992,024,eastern conference semifinals,/playoffs/1992-nba-eastern-conference-semifinals-bulls-vs-knicks.html,/playoffs/1992-nba-eastern-conference-semifinals-knicks-vs-bulls.html,N/A,N/A,N/A,N/A
1992,025,eastern conference semifinals,/playoffs/1992-nba-eastern-conference-semifinals-cavaliers-vs-celtics.html,/playoffs/1992-nba-eastern-conference-semifinals-celtics-vs-cavaliers.html,N/A,N/A,N/A,N/A
1992,026,western conference semifinals,/playoffs/1992-nba-western-conference-semifinals-trail-blazers-vs-suns.html,/playoffs/1992-nba-western-conference-semifinals-suns-vs-trail-blazers.html,N/A,N/A,N/A,N/A
1992,027,western conference semifinals,/playoffs/1992-nba-western-conference-semifinals-jazz-vs-supersonics.html,/playoffs/1992-nba-western-conference-semifinals-supersonics-vs-jazz.html,N/A,N/A,N/A,N/A
1992,028,eastern conference finals,/playoffs/1992-nba-eastern-conference-finals-bulls-vs-cavaliers.html,/playoffs/1992-nba-eastern-conference-finals-cavaliers-vs-bulls.html,N/A,N/A,N/A,N/A
1992,029,western conference finals,/playoffs/1992-nba-western-conference-finals-trail-blazers-vs-jazz.html,/playoffs/1992-nba-western-conference-finals-jazz-vs-trail-blazers.html,N/A,N/A,N/A,N/A
1992,030,finals,/playoffs/1992-nba-finals-bulls-vs-trail-blazers.html,/playoffs/1992-nba-finals-trail-blazers-vs-bulls.html,N/A,N/A,N/A,N/A
1991,031,eastern conference first round,/playoffs/1991-nba-eastern-conference-first-round-celtics-vs-pacers.html,/playoffs/1991-nba-eastern-conference-first-round-pacers-vs-celtics.html,N/A,N/A,N/A,N/A
1991,032,eastern conference first round,/playoffs/1991-nba-eastern-conference-first-round-bulls-vs-knicks.html,/playoffs/1991-nba-eastern-conference-first-round-knicks-vs-bulls.html,N/A,N/A,N/A,N/A
1991,033,eastern conference first round,/playoffs/1991-nba-eastern-conference-first-round-pistons-vs-hawks.html,/playoffs/1991-nba-eastern-conference-first-round-hawks-vs-pistons.html,N/A,N/A,N/A,N/A
1991,034,eastern conference first round,/playoffs/1991-nba-eastern-conference-first-round-76ers-vs-bucks.html,/playoffs/1991-nba-eastern-conference-first-round-bucks-vs-76ers.html,N/A,N/A,N/A,N/A
1991,035,western conference first round,/playoffs/1991-nba-western-conference-first-round-warriors-vs-spurs.html,/playoffs/1991-nba-western-conference-first-round-spurs-vs-warriors.html,N/A,N/A,N/A,N/A
1991,036,western conference first round,/playoffs/1991-nba-western-conference-first-round-lakers-vs-rockets.html,/playoffs/1991-nba-western-conference-first-round-rockets-vs-lakers.html,N/A,N/A,N/A,N/A
1991,037,western conference first round,/playoffs/1991-nba-western-conference-first-round-trail-blazers-vs-supersonics.html,/playoffs/1991-nba-western-conference-first-round-supersonics-vs-trail-blazers.html,N/A,N/A,N/A,N/A
1991,038,western conference first round,/playoffs/1991-nba-western-conference-first-round-jazz-vs-suns.html,/playoffs/1991-nba-western-conference-first-round-suns-vs-jazz.html,N/A,N/A,N/A,N/A
1991,039,eastern conference semifinals,/playoffs/1991-nba-eastern-conference-semifinals-bulls-vs-76ers.html,/playoffs/1991-nba-eastern-conference-semifinals-76ers-vs-bulls.html,N/A,N/A,N/A,N/A
1991,040,eastern conference semifinals,/playoffs/1991-nba-eastern-conference-semifinals-pistons-vs-celtics.html,/playoffs/1991-nba-eastern-conference-semifinals-celtics-vs-pistons.html,N/A,N/A,N/A,N/A
1991,041,western conference semifinals,/playoffs/1991-nba-western-conference-semifinals-lakers-vs-warriors.html,/playoffs/1991-nba-western-conference-semifinals-warriors-vs-lakers.html,N/A,N/A,N/A,N/A
1991,042,western conference semifinals,/playoffs/1991-nba-western-conference-semifinals-trail-blazers-vs-jazz.html,/playoffs/1991-nba-western-conference-semifinals-jazz-vs-trail-blazers.html,N/A,N/A,N/A,N/A
1991,043,eastern conference finals,/playoffs/1991-nba-eastern-conference-finals-bulls-vs-pistons.html,/playoffs/1991-nba-eastern-conference-finals-pistons-vs-bulls.html,N/A,N/A,N/A,N/A
1991,044,western conference finals,/playoffs/1991-nba-western-conference-finals-lakers-vs-trail-blazers.html,/playoffs/1991-nba-western-conference-finals-trail-blazers-vs-lakers.html,N/A,N/A,N/A,N/A
1991,045,finals,/playoffs/1991-nba-finals-bulls-vs-lakers.html,/playoffs/1991-nba-finals-lakers-vs-bulls.html,N/A,N/A,N/A,N/A
1990,046,eastern conference first round,/playoffs/1990-nba-eastern-conference-first-round-bulls-vs-bucks.html,/playoffs/1990-nba-eastern-conference-first-round-bucks-vs-bulls.html,N/A,N/A,N/A,N/A
1990,047,eastern conference first round,/playoffs/1990-nba-eastern-conference-first-round-pistons-vs-pacers.html,/playoffs/1990-nba-eastern-conference-first-round-pacers-vs-pistons.html,N/A,N/A,N/A,N/A
1990,048,eastern conference first round,/playoffs/1990-nba-eastern-conference-first-round-knicks-vs-celtics.html,/playoffs/1990-nba-eastern-conference-first-round-celtics-vs-knicks.html,N/A,N/A,N/A,N/A
1990,049,eastern conference first round,/playoffs/1990-nba-eastern-conference-first-round-76ers-vs-cavaliers.html,/playoffs/1990-nba-eastern-conference-first-round-cavaliers-vs-76ers.html,N/A,N/A,N/A,N/A
1990,050,western conference first round,/playoffs/1990-nba-western-conference-first-round-lakers-vs-rockets.html,/playoffs/1990-nba-western-conference-first-round-rockets-vs-lakers.html,N/A,N/A,N/A,N/A
1990,051,western conference first round,/playoffs/1990-nba-western-conference-first-round-suns-vs-jazz.html,/playoffs/1990-nba-western-conference-first-round-jazz-vs-suns.html,N/A,N/A,N/A,N/A
1990,052,western conference first round,/playoffs/1990-nba-western-conference-first-round-trail-blazers-vs-mavericks.html,/playoffs/1990-nba-western-conference-first-round-mavericks-vs-trail-blazers.html,N/A,N/A,N/A,N/A
1990,053,western conference first round,/playoffs/1990-nba-western-conference-first-round-spurs-vs-nuggets.html,/playoffs/1990-nba-western-conference-first-round-nuggets-vs-spurs.html,N/A,N/A,N/A,N/A
1990,054,eastern conference semifinals,/playoffs/1990-nba-eastern-conference-semifinals-bulls-vs-76ers.html,/playoffs/1990-nba-eastern-conference-semifinals-76ers-vs-bulls.html,N/A,N/A,N/A,N/A
1990,055,eastern conference semifinals,/playoffs/1990-nba-eastern-conference-semifinals-pistons-vs-knicks.html,/playoffs/1990-nba-eastern-conference-semifinals-knicks-vs-pistons.html,N/A,N/A,N/A,N/A
1990,056,western conference semifinals,/playoffs/1990-nba-western-conference-semifinals-suns-vs-lakers.html,/playoffs/1990-nba-western-conference-semifinals-lakers-vs-suns.html,N/A,N/A,N/A,N/A
1990,057,western conference semifinals,/playoffs/1990-nba-western-conference-semifinals-trail-blazers-vs-spurs.html,/playoffs/1990-nba-western-conference-semifinals-spurs-vs-trail-blazers.html,N/A,N/A,N/A,N/A
1990,058,eastern conference finals,/playoffs/1990-nba-eastern-conference-finals-pistons-vs-bulls.html,/playoffs/1990-nba-eastern-conference-finals-bulls-vs-pistons.html,N/A,N/A,N/A,N/A
1990,059,western conference finals,/playoffs/1990-nba-western-conference-finals-trail-blazers-vs-suns.html,/playoffs/1990-nba-western-conference-finals-suns-vs-trail-blazers.html,N/A,N/A,N/A,N/A
1990,060,finals,/playoffs/1990-nba-finals-pistons-vs-trail-blazers.html,/playoffs/1990-nba-finals-trail-blazers-vs-pistons.html,N/A,N/A,N/A,N/A
1989,061,eastern conference first round,/playoffs/1989-nba-eastern-conference-first-round-bulls-vs-cavaliers.html,/playoffs/1989-nba-eastern-conference-first-round-cavaliers-vs-bulls.html,N/A,N/A,N/A,N/A
1989,062,eastern conference first round,/playoffs/1989-nba-eastern-conference-first-round-pistons-vs-celtics.html,/playoffs/1989-nba-eastern-conference-first-round-celtics-vs-pistons.html,N/A,N/A,N/A,N/A
1989,063,eastern conference first round,/playoffs/1989-nba-eastern-conference-first-round-bucks-vs-hawks.html,/playoffs/1989-nba-eastern-conference-first-round-hawks-vs-bucks.html,N/A,N/A,N/A,N/A
1989,064,eastern conference first round,/playoffs/1989-nba-eastern-conference-first-round-knicks-vs-76ers.html,/playoffs/1989-nba-eastern-conference-first-round-76ers-vs-knicks.html,N/A,N/A,N/A,N/A
1989,065,western conference first round,/playoffs/1989-nba-western-conference-first-round-warriors-vs-jazz.html,/playoffs/1989-nba-western-conference-first-round-jazz-vs-warriors.html,N/A,N/A,N/A,N/A
1989,066,western conference first round,/playoffs/1989-nba-western-conference-first-round-lakers-vs-trail-blazers.html,/playoffs/1989-nba-western-conference-first-round-trail-blazers-vs-lakers.html,N/A,N/A,N/A,N/A
1989,067,western conference first round,/playoffs/1989-nba-western-conference-first-round-suns-vs-nuggets.html,/playoffs/1989-nba-western-conference-first-round-nuggets-vs-suns.html,N/A,N/A,N/A,N/A
1989,068,western conference first round,/playoffs/1989-nba-western-conference-first-round-supersonics-vs-rockets.html,/playoffs/1989-nba-western-conference-first-round-rockets-vs-supersonics.html,N/A,N/A,N/A,N/A
1989,069,eastern conference semifinals,/playoffs/1989-nba-eastern-conference-semifinals-bulls-vs-knicks.html,/playoffs/1989-nba-eastern-conference-semifinals-knicks-vs-bulls.html,N/A,N/A,N/A,N/A
1989,070,eastern conference semifinals,/playoffs/1989-nba-eastern-conference-semifinals-pistons-vs-bucks.html,/playoffs/1989-nba-eastern-conference-semifinals-bucks-vs-pistons.html,N/A,N/A,N/A,N/A
1989,071,western conference semifinals,/playoffs/1989-nba-western-conference-semifinals-lakers-vs-supersonics.html,/playoffs/1989-nba-western-conference-semifinals-supersonics-vs-lakers.html,N/A,N/A,N/A,N/A
1989,072,western conference semifinals,/playoffs/1989-nba-western-conference-semifinals-suns-vs-warriors.html,/playoffs/1989-nba-western-conference-semifinals-warriors-vs-suns.html,N/A,N/A,N/A,N/A
1989,073,eastern conference finals,/playoffs/1989-nba-eastern-conference-finals-pistons-vs-bulls.html,/playoffs/1989-nba-eastern-conference-finals-bulls-vs-pistons.html,N/A,N/A,N/A,N/A
1989,074,western conference finals,/playoffs/1989-nba-western-conference-finals-lakers-vs-suns.html,/playoffs/1989-nba-western-conference-finals-suns-vs-lakers.html,N/A,N/A,N/A,N/A
1989,075,finals,/playoffs/1989-nba-finals-pistons-vs-lakers.html,/playoffs/1989-nba-finals-lakers-vs-pistons.html,N/A,N/A,N/A,N/A
1988,076,eastern conference first round,/playoffs/1988-nba-eastern-conference-first-round-hawks-vs-bucks.html,/playoffs/1988-nba-eastern-conference-first-round-bucks-vs-hawks.html,N/A,N/A,N/A,N/A
1988,077,eastern conference first round,/playoffs/1988-nba-eastern-conference-first-round-celtics-vs-knicks.html,/playoffs/1988-nba-eastern-conference-first-round-knicks-vs-celtics.html,N/A,N/A,N/A,N/A
1988,078,eastern conference first round,/playoffs/1988-nba-eastern-conference-first-round-bulls-vs-cavaliers.html,/playoffs/1988-nba-eastern-conference-first-round-cavaliers-vs-bulls.html,N/A,N/A,N/A,N/A
1988,079,eastern conference first round,/playoffs/1988-nba-eastern-conference-first-round-pistons-vs-bullets.html,/playoffs/1988-nba-eastern-conference-first-round-bullets-vs-pistons.html,N/A,N/A,N/A,N/A
1988,080,western conference first round,/playoffs/1988-nba-western-conference-first-round-mavericks-vs-rockets.html,/playoffs/1988-nba-western-conference-first-round-rockets-vs-mavericks.html,N/A,N/A,N/A,N/A
1988,081,western conference first round,/playoffs/1988-nba-western-conference-first-round-nuggets-vs-supersonics.html,/playoffs/1988-nba-western-conference-first-round-supersonics-vs-nuggets.html,N/A,N/A,N/A,N/A
1988,082,western conference first round,/playoffs/1988-nba-western-conference-first-round-lakers-vs-spurs.html,/playoffs/1988-nba-western-conference-first-round-spurs-vs-lakers.html,N/A,N/A,N/A,N/A
1988,083,western conference first round,/playoffs/1988-nba-western-conference-first-round-jazz-vs-trail-blazers.html,/playoffs/1988-nba-western-conference-first-round-trail-blazers-vs-jazz.html,N/A,N/A,N/A,N/A
1988,084,eastern conference semifinals,/playoffs/1988-nba-eastern-conference-semifinals-celtics-vs-hawks.html,/playoffs/1988-nba-eastern-conference-semifinals-hawks-vs-celtics.html,N/A,N/A,N/A,N/A
1988,085,eastern conference semifinals,/playoffs/1988-nba-eastern-conference-semifinals-pistons-vs-bulls.html,/playoffs/1988-nba-eastern-conference-semifinals-bulls-vs-pistons.html,N/A,N/A,N/A,N/A
1988,086,western conference semifinals,/playoffs/1988-nba-western-conference-semifinals-mavericks-vs-nuggets.html,/playoffs/1988-nba-western-conference-semifinals-nuggets-vs-mavericks.html,N/A,N/A,N/A,N/A
1988,087,western conference semifinals,/playoffs/1988-nba-western-conference-semifinals-lakers-vs-jazz.html,/playoffs/1988-nba-western-conference-semifinals-jazz-vs-lakers.html,N/A,N/A,N/A,N/A
1988,088,eastern conference finals,/playoffs/1988-nba-eastern-conference-finals-pistons-vs-celtics.html,/playoffs/1988-nba-eastern-conference-finals-celtics-vs-pistons.html,N/A,N/A,N/A,N/A
1988,089,western conference finals,/playoffs/1988-nba-western-conference-finals-lakers-vs-mavericks.html,/playoffs/1988-nba-western-conference-finals-mavericks-vs-lakers.html,N/A,N/A,N/A,N/A
1988,090,finals,/playoffs/1988-nba-finals-lakers-vs-pistons.html,/playoffs/1988-nba-finals-pistons-vs-lakers.html,N/A,N/A,N/A,N/A
1987,091,eastern conference first round,/playoffs/1987-nba-eastern-conference-first-round-hawks-vs-pacers.html,/playoffs/1987-nba-eastern-conference-first-round-pacers-vs-hawks.html,N/A,N/A,N/A,N/A
1987,092,eastern conference first round,/playoffs/1987-nba-eastern-conference-first-round-celtics-vs-bulls.html,/playoffs/1987-nba-eastern-conference-first-round-bulls-vs-celtics.html,N/A,N/A,N/A,N/A
1987,093,eastern conference first round,/playoffs/1987-nba-eastern-conference-first-round-pistons-vs-bullets.html,/playoffs/1987-nba-eastern-conference-first-round-bullets-vs-pistons.html,N/A,N/A,N/A,N/A
1987,094,eastern conference first round,/playoffs/1987-nba-eastern-conference-first-round-bucks-vs-76ers.html,/playoffs/1987-nba-eastern-conference-first-round-76ers-vs-bucks.html,N/A,N/A,N/A,N/A
1987,095,western conference first round,/playoffs/1987-nba-western-conference-first-round-warriors-vs-jazz.html,/playoffs/1987-nba-western-conference-first-round-jazz-vs-warriors.html,N/A,N/A,N/A,N/A
1987,096,western conference first round,/playoffs/1987-nba-western-conference-first-round-rockets-vs-trail-blazers.html,/playoffs/1987-nba-western-conference-first-round-trail-blazers-vs-rockets.html,N/A,N/A,N/A,N/A
1987,097,western conference first round,/playoffs/1987-nba-western-conference-first-round-lakers-vs-nuggets.html,/playoffs/1987-nba-western-conference-first-round-nuggets-vs-lakers.html,N/A,N/A,N/A,N/A
1987,098,western conference first round,/playoffs/1987-nba-western-conference-first-round-supersonics-vs-mavericks.html,/playoffs/1987-nba-western-conference-first-round-mavericks-vs-supersonics.html,N/A,N/A,N/A,N/A
1987,099,eastern conference semifinals,/playoffs/1987-nba-eastern-conference-semifinals-celtics-vs-bucks.html,/playoffs/1987-nba-eastern-conference-semifinals-bucks-vs-celtics.html,N/A,N/A,N/A,N/A
1987,100,eastern conference semifinals,/playoffs/1987-nba-eastern-conference-semifinals-pistons-vs-hawks.html,/playoffs/1987-nba-eastern-conference-semifinals-hawks-vs-pistons.html,N/A,N/A,N/A,N/A
1987,101,western conference semifinals,/playoffs/1987-nba-western-conference-semifinals-lakers-vs-warriors.html,/playoffs/1987-nba-western-conference-semifinals-warriors-vs-lakers.html,N/A,N/A,N/A,N/A
1987,102,western conference semifinals,/playoffs/1987-nba-western-conference-semifinals-supersonics-vs-rockets.html,/playoffs/1987-nba-western-conference-semifinals-rockets-vs-supersonics.html,N/A,N/A,N/A,N/A
1987,103,eastern conference finals,/playoffs/1987-nba-eastern-conference-finals-celtics-vs-pistons.html,/playoffs/1987-nba-eastern-conference-finals-pistons-vs-celtics.html,N/A,N/A,N/A,N/A
1987,104,western conference finals,/playoffs/1987-nba-western-conference-finals-lakers-vs-supersonics.html,/playoffs/1987-nba-western-conference-finals-supersonics-vs-lakers.html,N/A,N/A,N/A,N/A
1987,105,finals,/playoffs/1987-nba-finals-lakers-vs-celtics.html,/playoffs/1987-nba-finals-celtics-vs-lakers.html,N/A,N/A,N/A,N/A
1986,106,eastern conference first round,/playoffs/1986-nba-eastern-conference-first-round-hawks-vs-pistons.html,/playoffs/1986-nba-eastern-conference-first-round-pistons-vs-hawks.html,N/A,N/A,N/A,N/A
1986,107,eastern conference first round,/playoffs/1986-nba-eastern-conference-first-round-celtics-vs-bulls.html,/playoffs/1986-nba-eastern-conference-first-round-bulls-vs-celtics.html,N/A,N/A,N/A,N/A
1986,108,eastern conference first round,/playoffs/1986-nba-eastern-conference-first-round-bucks-vs-nets.html,/playoffs/1986-nba-eastern-conference-first-round-nets-vs-bucks.html,N/A,N/A,N/A,N/A
1986,109,eastern conference first round,/playoffs/1986-nba-eastern-conference-first-round-76ers-vs-bullets.html,/playoffs/1986-nba-eastern-conference-first-round-bullets-vs-76ers.html,N/A,N/A,N/A,N/A
1986,110,western conference first round,/playoffs/1986-nba-western-conference-first-round-mavericks-vs-jazz.html,/playoffs/1986-nba-western-conference-first-round-jazz-vs-mavericks.html,N/A,N/A,N/A,N/A
1986,111,western conference first round,/playoffs/1986-nba-western-conference-first-round-nuggets-vs-trail-blazers.html,/playoffs/1986-nba-western-conference-first-round-trail-blazers-vs-nuggets.html,N/A,N/A,N/A,N/A
1986,112,western conference first round,/playoffs/1986-nba-western-conference-first-round-rockets-vs-kings.html,/playoffs/1986-nba-western-conference-first-round-kings-vs-rockets.html,N/A,N/A,N/A,N/A
1986,113,western conference first round,/playoffs/1986-nba-western-conference-first-round-lakers-vs-spurs.html,/playoffs/1986-nba-western-conference-first-round-spurs-vs-lakers.html,N/A,N/A,N/A,N/A
1986,114,eastern conference semifinals,/playoffs/1986-nba-eastern-conference-semifinals-celtics-vs-hawks.html,/playoffs/1986-nba-eastern-conference-semifinals-hawks-vs-celtics.html,N/A,N/A,N/A,N/A
1986,115,eastern conference semifinals,/playoffs/1986-nba-eastern-conference-semifinals-bucks-vs-76ers.html,/playoffs/1986-nba-eastern-conference-semifinals-76ers-vs-bucks.html,N/A,N/A,N/A,N/A
1986,116,western conference semifinals,/playoffs/1986-nba-western-conference-semifinals-rockets-vs-nuggets.html,/playoffs/1986-nba-western-conference-semifinals-nuggets-vs-rockets.html,N/A,N/A,N/A,N/A
1986,117,western conference semifinals,/playoffs/1986-nba-western-conference-semifinals-lakers-vs-mavericks.html,/playoffs/1986-nba-western-conference-semifinals-mavericks-vs-lakers.html,N/A,N/A,N/A,N/A
1986,118,eastern conference finals,/playoffs/1986-nba-eastern-conference-finals-celtics-vs-bucks.html,/playoffs/1986-nba-eastern-conference-finals-bucks-vs-celtics.html,N/A,N/A,N/A,N/A
1986,119,western conference finals,/playoffs/1986-nba-western-conference-finals-rockets-vs-lakers.html,/playoffs/1986-nba-western-conference-finals-lakers-vs-rockets.html,N/A,N/A,N/A,N/A
1986,120,finals,/playoffs/1986-nba-finals-celtics-vs-rockets.html,/playoffs/1986-nba-finals-rockets-vs-celtics.html,N/A,N/A,N/A,N/A
1985,121,eastern conference first round,/playoffs/1985-nba-eastern-conference-first-round-celtics-vs-cavaliers.html,/playoffs/1985-nba-eastern-conference-first-round-cavaliers-vs-celtics.html,N/A,N/A,N/A,N/A
1985,122,eastern conference first round,/playoffs/1985-nba-eastern-conference-first-round-pistons-vs-nets.html,/playoffs/1985-nba-eastern-conference-first-round-nets-vs-pistons.html,N/A,N/A,N/A,N/A
1985,123,eastern conference first round,/playoffs/1985-nba-eastern-conference-first-round-bucks-vs-bulls.html,/playoffs/1985-nba-eastern-conference-first-round-bulls-vs-bucks.html,N/A,N/A,N/A,N/A
1985,124,eastern conference first round,/playoffs/1985-nba-eastern-conference-first-round-76ers-vs-bullets.html,/playoffs/1985-nba-eastern-conference-first-round-bullets-vs-76ers.html,N/A,N/A,N/A,N/A
1985,125,western conference first round,/playoffs/1985-nba-western-conference-first-round-nuggets-vs-spurs.html,/playoffs/1985-nba-western-conference-first-round-spurs-vs-nuggets.html,N/A,N/A,N/A,N/A
1985,126,western conference first round,/playoffs/1985-nba-western-conference-first-round-lakers-vs-suns.html,/playoffs/1985-nba-western-conference-first-round-suns-vs-lakers.html,N/A,N/A,N/A,N/A
1985,127,western conference first round,/playoffs/1985-nba-western-conference-first-round-trail-blazers-vs-mavericks.html,/playoffs/1985-nba-western-conference-first-round-mavericks-vs-trail-blazers.html,N/A,N/A,N/A,N/A
1985,128,western conference first round,/playoffs/1985-nba-western-conference-first-round-jazz-vs-rockets.html,/playoffs/1985-nba-western-conference-first-round-rockets-vs-jazz.html,N/A,N/A,N/A,N/A
1985,129,eastern conference semifinals,/playoffs/1985-nba-eastern-conference-semifinals-celtics-vs-pistons.html,/playoffs/1985-nba-eastern-conference-semifinals-pistons-vs-celtics.html,N/A,N/A,N/A,N/A
1985,130,eastern conference semifinals,/playoffs/1985-nba-eastern-conference-semifinals-76ers-vs-bucks.html,/playoffs/1985-nba-eastern-conference-semifinals-bucks-vs-76ers.html,N/A,N/A,N/A,N/A
1985,131,western conference semifinals,/playoffs/1985-nba-western-conference-semifinals-nuggets-vs-jazz.html,/playoffs/1985-nba-western-conference-semifinals-jazz-vs-nuggets.html,N/A,N/A,N/A,N/A
1985,132,western conference semifinals,/playoffs/1985-nba-western-conference-semifinals-lakers-vs-trail-blazers.html,/playoffs/1985-nba-western-conference-semifinals-trail-blazers-vs-lakers.html,N/A,N/A,N/A,N/A
1985,133,eastern conference finals,/playoffs/1985-nba-eastern-conference-finals-celtics-vs-76ers.html,/playoffs/1985-nba-eastern-conference-finals-76ers-vs-celtics.html,N/A,N/A,N/A,N/A
1985,134,western conference finals,/playoffs/1985-nba-western-conference-finals-lakers-vs-nuggets.html,/playoffs/1985-nba-western-conference-finals-nuggets-vs-lakers.html,N/A,N/A,N/A,N/A
1985,135,finals,/playoffs/1985-nba-finals-lakers-vs-celtics.html,/playoffs/1985-nba-finals-celtics-vs-lakers.html,N/A,N/A,N/A,N/A
1984,136,eastern conference first round,/playoffs/1984-nba-eastern-conference-first-round-celtics-vs-bullets.html,/playoffs/1984-nba-eastern-conference-first-round-bullets-vs-celtics.html,N/A,N/A,N/A,N/A
1984,137,eastern conference first round,/playoffs/1984-nba-eastern-conference-first-round-bucks-vs-hawks.html,/playoffs/1984-nba-eastern-conference-first-round-hawks-vs-bucks.html,N/A,N/A,N/A,N/A
1984,138,eastern conference first round,/playoffs/1984-nba-eastern-conference-first-round-nets-vs-76ers.html,/playoffs/1984-nba-eastern-conference-first-round-76ers-vs-nets.html,N/A,N/A,N/A,N/A
1984,139,eastern conference first round,/playoffs/1984-nba-eastern-conference-first-round-knicks-vs-pistons.html,/playoffs/1984-nba-eastern-conference-first-round-pistons-vs-knicks.html,N/A,N/A,N/A,N/A
1984,140,western conference first round,/playoffs/1984-nba-western-conference-first-round-mavericks-vs-supersonics.html,/playoffs/1984-nba-western-conference-first-round-supersonics-vs-mavericks.html,N/A,N/A,N/A,N/A
1984,141,western conference first round,/playoffs/1984-nba-western-conference-first-round-lakers-vs-kings.html,/playoffs/1984-nba-western-conference-first-round-kings-vs-lakers.html,N/A,N/A,N/A,N/A
1984,142,western conference first round,/playoffs/1984-nba-western-conference-first-round-suns-vs-trail-blazers.html,/playoffs/1984-nba-western-conference-first-round-trail-blazers-vs-suns.html,N/A,N/A,N/A,N/A
1984,143,western conference first round,/playoffs/1984-nba-western-conference-first-round-jazz-vs-nuggets.html,/playoffs/1984-nba-western-conference-first-round-nuggets-vs-jazz.html,N/A,N/A,N/A,N/A
1984,144,eastern conference semifinals,/playoffs/1984-nba-eastern-conference-semifinals-celtics-vs-knicks.html,/playoffs/1984-nba-eastern-conference-semifinals-knicks-vs-celtics.html,N/A,N/A,N/A,N/A
1984,145,eastern conference semifinals,/playoffs/1984-nba-eastern-conference-semifinals-bucks-vs-nets.html,/playoffs/1984-nba-eastern-conference-semifinals-nets-vs-bucks.html,N/A,N/A,N/A,N/A
1984,146,western conference semifinals,/playoffs/1984-nba-western-conference-semifinals-lakers-vs-mavericks.html,/playoffs/1984-nba-western-conference-semifinals-mavericks-vs-lakers.html,N/A,N/A,N/A,N/A
1984,147,western conference semifinals,/playoffs/1984-nba-western-conference-semifinals-suns-vs-jazz.html,/playoffs/1984-nba-western-conference-semifinals-jazz-vs-suns.html,N/A,N/A,N/A,N/A
1984,148,eastern conference finals,/playoffs/1984-nba-eastern-conference-finals-celtics-vs-bucks.html,/playoffs/1984-nba-eastern-conference-finals-bucks-vs-celtics.html,N/A,N/A,N/A,N/A
1984,149,western conference finals,/playoffs/1984-nba-western-conference-finals-lakers-vs-suns.html,/playoffs/1984-nba-western-conference-finals-suns-vs-lakers.html,N/A,N/A,N/A,N/A
1984,150,finals,/playoffs/1984-nba-finals-celtics-vs-lakers.html,/playoffs/1984-nba-finals-lakers-vs-celtics.html,N/A,N/A,N/A,N/A
1983,151,eastern conference first round,/playoffs/1983-nba-eastern-conference-first-round-celtics-vs-hawks.html,/playoffs/1983-nba-eastern-conference-first-round-hawks-vs-celtics.html,N/A,N/A,N/A,N/A
1983,152,eastern conference first round,/playoffs/1983-nba-eastern-conference-first-round-knicks-vs-nets.html,/playoffs/1983-nba-eastern-conference-first-round-nets-vs-knicks.html,N/A,N/A,N/A,N/A
1983,153,western conference first round,/playoffs/1983-nba-western-conference-first-round-nuggets-vs-suns.html,/playoffs/1983-nba-western-conference-first-round-suns-vs-nuggets.html,N/A,N/A,N/A,N/A
1983,154,western conference first round,/playoffs/1983-nba-western-conference-first-round-trail-blazers-vs-supersonics.html,/playoffs/1983-nba-western-conference-first-round-supersonics-vs-trail-blazers.html,N/A,N/A,N/A,N/A
1983,155,eastern conference semifinals,/playoffs/1983-nba-eastern-conference-semifinals-bucks-vs-celtics.html,/playoffs/1983-nba-eastern-conference-semifinals-celtics-vs-bucks.html,N/A,N/A,N/A,N/A
1983,156,eastern conference semifinals,/playoffs/1983-nba-eastern-conference-semifinals-76ers-vs-knicks.html,/playoffs/1983-nba-eastern-conference-semifinals-knicks-vs-76ers.html,N/A,N/A,N/A,N/A
1983,157,western conference semifinals,/playoffs/1983-nba-western-conference-semifinals-lakers-vs-trail-blazers.html,/playoffs/1983-nba-western-conference-semifinals-trail-blazers-vs-lakers.html,N/A,N/A,N/A,N/A
1983,158,western conference semifinals,/playoffs/1983-nba-western-conference-semifinals-spurs-vs-nuggets.html,/playoffs/1983-nba-western-conference-semifinals-nuggets-vs-spurs.html,N/A,N/A,N/A,N/A
1983,159,eastern conference finals,/playoffs/1983-nba-eastern-conference-finals-76ers-vs-bucks.html,/playoffs/1983-nba-eastern-conference-finals-bucks-vs-76ers.html,N/A,N/A,N/A,N/A
1983,160,western conference finals,/playoffs/1983-nba-western-conference-finals-lakers-vs-spurs.html,/playoffs/1983-nba-western-conference-finals-spurs-vs-lakers.html,N/A,N/A,N/A,N/A
1983,161,finals,/playoffs/1983-nba-finals-76ers-vs-lakers.html,/playoffs/1983-nba-finals-lakers-vs-76ers.html,N/A,N/A,N/A,N/A
1982,162,eastern conference first round,/playoffs/1982-nba-eastern-conference-first-round-76ers-vs-hawks.html,/playoffs/1982-nba-eastern-conference-first-round-hawks-vs-76ers.html,N/A,N/A,N/A,N/A
1982,163,eastern conference first round,/playoffs/1982-nba-eastern-conference-first-round-bullets-vs-nets.html,/playoffs/1982-nba-eastern-conference-first-round-nets-vs-bullets.html,N/A,N/A,N/A,N/A
1982,164,western conference first round,/playoffs/1982-nba-western-conference-first-round-suns-vs-nuggets.html,/playoffs/1982-nba-western-conference-first-round-nuggets-vs-suns.html,N/A,N/A,N/A,N/A
1982,165,western conference first round,/playoffs/1982-nba-western-conference-first-round-supersonics-vs-rockets.html,/playoffs/1982-nba-western-conference-first-round-rockets-vs-supersonics.html,N/A,N/A,N/A,N/A
1982,166,eastern conference semifinals,/playoffs/1982-nba-eastern-conference-semifinals-celtics-vs-bullets.html,/playoffs/1982-nba-eastern-conference-semifinals-bullets-vs-celtics.html,N/A,N/A,N/A,N/A
1982,167,eastern conference semifinals,/playoffs/1982-nba-eastern-conference-semifinals-76ers-vs-bucks.html,/playoffs/1982-nba-eastern-conference-semifinals-bucks-vs-76ers.html,N/A,N/A,N/A,N/A
1982,168,western conference semifinals,/playoffs/1982-nba-western-conference-semifinals-lakers-vs-suns.html,/playoffs/1982-nba-western-conference-semifinals-suns-vs-lakers.html,N/A,N/A,N/A,N/A
1982,169,western conference semifinals,/playoffs/1982-nba-western-conference-semifinals-spurs-vs-supersonics.html,/playoffs/1982-nba-western-conference-semifinals-supersonics-vs-spurs.html,N/A,N/A,N/A,N/A
1982,170,eastern conference finals,/playoffs/1982-nba-eastern-conference-finals-76ers-vs-celtics.html,/playoffs/1982-nba-eastern-conference-finals-celtics-vs-76ers.html,N/A,N/A,N/A,N/A
1982,171,western conference finals,/playoffs/1982-nba-western-conference-finals-lakers-vs-spurs.html,/playoffs/1982-nba-western-conference-finals-spurs-vs-lakers.html,N/A,N/A,N/A,N/A
1982,172,finals,/playoffs/1982-nba-finals-lakers-vs-76ers.html,/playoffs/1982-nba-finals-76ers-vs-lakers.html,N/A,N/A,N/A,N/A
1981,173,eastern conference first round,/playoffs/1981-nba-eastern-conference-first-round-bulls-vs-knicks.html,/playoffs/1981-nba-eastern-conference-first-round-knicks-vs-bulls.html,N/A,N/A,N/A,N/A
1981,174,eastern conference first round,/playoffs/1981-nba-eastern-conference-first-round-76ers-vs-pacers.html,/playoffs/1981-nba-eastern-conference-first-round-pacers-vs-76ers.html,N/A,N/A,N/A,N/A
1981,175,western conference first round,/playoffs/1981-nba-western-conference-first-round-rockets-vs-lakers.html,/playoffs/1981-nba-western-conference-first-round-lakers-vs-rockets.html,N/A,N/A,N/A,N/A
1981,176,western conference first round,/playoffs/1981-nba-western-conference-first-round-kings-vs-trail-blazers.html,/playoffs/1981-nba-western-conference-first-round-trail-blazers-vs-kings.html,N/A,N/A,N/A,N/A
1981,177,eastern conference semifinals,/playoffs/1981-nba-eastern-conference-semifinals-celtics-vs-bulls.html,/playoffs/1981-nba-eastern-conference-semifinals-bulls-vs-celtics.html,N/A,N/A,N/A,N/A
1981,178,eastern conference semifinals,/playoffs/1981-nba-eastern-conference-semifinals-76ers-vs-bucks.html,/playoffs/1981-nba-eastern-conference-semifinals-bucks-vs-76ers.html,N/A,N/A,N/A,N/A
1981,179,western conference semifinals,/playoffs/1981-nba-western-conference-semifinals-rockets-vs-spurs.html,/playoffs/1981-nba-western-conference-semifinals-spurs-vs-rockets.html,N/A,N/A,N/A,N/A
1981,180,western conference semifinals,/playoffs/1981-nba-western-conference-semifinals-kings-vs-suns.html,/playoffs/1981-nba-western-conference-semifinals-suns-vs-kings.html,N/A,N/A,N/A,N/A
1981,181,eastern conference finals,/playoffs/1981-nba-eastern-conference-finals-celtics-vs-76ers.html,/playoffs/1981-nba-eastern-conference-finals-76ers-vs-celtics.html,N/A,N/A,N/A,N/A
1981,182,western conference finals,/playoffs/1981-nba-western-conference-finals-rockets-vs-kings.html,/playoffs/1981-nba-western-conference-finals-kings-vs-rockets.html,N/A,N/A,N/A,N/A
1981,183,finals,/playoffs/1981-nba-finals-celtics-vs-rockets.html,/playoffs/1981-nba-finals-rockets-vs-celtics.html,N/A,N/A,N/A,N/A
1980,184,eastern conference first round,/playoffs/1980-nba-eastern-conference-first-round-rockets-vs-spurs.html,/playoffs/1980-nba-eastern-conference-first-round-spurs-vs-rockets.html,N/A,N/A,N/A,N/A
1980,185,eastern conference first round,/playoffs/1980-nba-eastern-conference-first-round-76ers-vs-bullets.html,/playoffs/1980-nba-eastern-conference-first-round-bullets-vs-76ers.html,N/A,N/A,N/A,N/A
1980,186,western conference first round,/playoffs/1980-nba-western-conference-first-round-suns-vs-kings.html,/playoffs/1980-nba-western-conference-first-round-kings-vs-suns.html,N/A,N/A,N/A,N/A
1980,187,western conference first round,/playoffs/1980-nba-western-conference-first-round-supersonics-vs-trail-blazers.html,/playoffs/1980-nba-western-conference-first-round-trail-blazers-vs-supersonics.html,N/A,N/A,N/A,N/A
1980,188,eastern conference semifinals,/playoffs/1980-nba-eastern-conference-semifinals-celtics-vs-rockets.html,/playoffs/1980-nba-eastern-conference-semifinals-rockets-vs-celtics.html,N/A,N/A,N/A,N/A
1980,189,eastern conference semifinals,/playoffs/1980-nba-eastern-conference-semifinals-76ers-vs-hawks.html,/playoffs/1980-nba-eastern-conference-semifinals-hawks-vs-76ers.html,N/A,N/A,N/A,N/A
1980,190,western conference semifinals,/playoffs/1980-nba-western-conference-semifinals-lakers-vs-suns.html,/playoffs/1980-nba-western-conference-semifinals-suns-vs-lakers.html,N/A,N/A,N/A,N/A
1980,191,western conference semifinals,/playoffs/1980-nba-western-conference-semifinals-supersonics-vs-bucks.html,/playoffs/1980-nba-western-conference-semifinals-bucks-vs-supersonics.html,N/A,N/A,N/A,N/A
1980,192,eastern conference finals,/playoffs/1980-nba-eastern-conference-finals-76ers-vs-celtics.html,/playoffs/1980-nba-eastern-conference-finals-celtics-vs-76ers.html,N/A,N/A,N/A,N/A
1980,193,western conference finals,/playoffs/1980-nba-western-conference-finals-lakers-vs-supersonics.html,/playoffs/1980-nba-western-conference-finals-supersonics-vs-lakers.html,N/A,N/A,N/A,N/A
1980,194,finals,/playoffs/1980-nba-finals-lakers-vs-76ers.html,/playoffs/1980-nba-finals-76ers-vs-lakers.html,N/A,N/A,N/A,N/A
1979,195,eastern conference first round,/playoffs/1979-nba-eastern-conference-first-round-hawks-vs-rockets.html,/playoffs/1979-nba-eastern-conference-first-round-rockets-vs-hawks.html,N/A,N/A,N/A,N/A
1979,196,eastern conference first round,/playoffs/1979-nba-eastern-conference-first-round-76ers-vs-nets.html,/playoffs/1979-nba-eastern-conference-first-round-nets-vs-76ers.html,N/A,N/A,N/A,N/A
1979,197,western conference first round,/playoffs/1979-nba-western-conference-first-round-lakers-vs-nuggets.html,/playoffs/1979-nba-western-conference-first-round-nuggets-vs-lakers.html,N/A,N/A,N/A,N/A
1979,198,western conference first round,/playoffs/1979-nba-western-conference-first-round-suns-vs-trail-blazers.html,/playoffs/1979-nba-western-conference-first-round-trail-blazers-vs-suns.html,N/A,N/A,N/A,N/A
1979,199,eastern conference semifinals,/playoffs/1979-nba-eastern-conference-semifinals-spurs-vs-76ers.html,/playoffs/1979-nba-eastern-conference-semifinals-76ers-vs-spurs.html,N/A,N/A,N/A,N/A
1979,200,eastern conference semifinals,/playoffs/1979-nba-eastern-conference-semifinals-bullets-vs-hawks.html,/playoffs/1979-nba-eastern-conference-semifinals-hawks-vs-bullets.html,N/A,N/A,N/A,N/A
1979,201,western conference semifinals,/playoffs/1979-nba-western-conference-semifinals-suns-vs-kings.html,/playoffs/1979-nba-western-conference-semifinals-kings-vs-suns.html,N/A,N/A,N/A,N/A
1979,202,western conference semifinals,/playoffs/1979-nba-western-conference-semifinals-supersonics-vs-lakers.html,/playoffs/1979-nba-western-conference-semifinals-lakers-vs-supersonics.html,N/A,N/A,N/A,N/A
1979,203,eastern conference finals,/playoffs/1979-nba-eastern-conference-finals-bullets-vs-spurs.html,/playoffs/1979-nba-eastern-conference-finals-spurs-vs-bullets.html,N/A,N/A,N/A,N/A
1979,204,western conference finals,/playoffs/1979-nba-western-conference-finals-supersonics-vs-suns.html,/playoffs/1979-nba-western-conference-finals-suns-vs-supersonics.html,N/A,N/A,N/A,N/A
1979,205,finals,/playoffs/1979-nba-finals-supersonics-vs-bullets.html,/playoffs/1979-nba-finals-bullets-vs-supersonics.html,N/A,N/A,N/A,N/A
1978,206,eastern conference first round,/playoffs/1978-nba-eastern-conference-first-round-knicks-vs-cavaliers.html,/playoffs/1978-nba-eastern-conference-first-round-cavaliers-vs-knicks.html,N/A,N/A,N/A,N/A
1978,207,eastern conference first round,/playoffs/1978-nba-eastern-conference-first-round-bullets-vs-hawks.html,/playoffs/1978-nba-eastern-conference-first-round-hawks-vs-bullets.html,N/A,N/A,N/A,N/A
1978,208,western conference first round,/playoffs/1978-nba-western-conference-first-round-bucks-vs-suns.html,/playoffs/1978-nba-western-conference-first-round-suns-vs-bucks.html,N/A,N/A,N/A,N/A
1978,209,western conference first round,/playoffs/1978-nba-western-conference-first-round-supersonics-vs-lakers.html,/playoffs/1978-nba-western-conference-first-round-lakers-vs-supersonics.html,N/A,N/A,N/A,N/A
1978,210,eastern conference semifinals,/playoffs/1978-nba-eastern-conference-semifinals-76ers-vs-knicks.html,/playoffs/1978-nba-eastern-conference-semifinals-knicks-vs-76ers.html,N/A,N/A,N/A,N/A
1978,211,eastern conference semifinals,/playoffs/1978-nba-eastern-conference-semifinals-bullets-vs-spurs.html,/playoffs/1978-nba-eastern-conference-semifinals-spurs-vs-bullets.html,N/A,N/A,N/A,N/A
1978,212,western conference semifinals,/playoffs/1978-nba-western-conference-semifinals-nuggets-vs-bucks.html,/playoffs/1978-nba-western-conference-semifinals-bucks-vs-nuggets.html,N/A,N/A,N/A,N/A
1978,213,western conference semifinals,/playoffs/1978-nba-western-conference-semifinals-supersonics-vs-trail-blazers.html,/playoffs/1978-nba-western-conference-semifinals-trail-blazers-vs-supersonics.html,N/A,N/A,N/A,N/A
1978,214,eastern conference finals,/playoffs/1978-nba-eastern-conference-finals-bullets-vs-76ers.html,/playoffs/1978-nba-eastern-conference-finals-76ers-vs-bullets.html,N/A,N/A,N/A,N/A
1978,215,western conference finals,/playoffs/1978-nba-western-conference-finals-supersonics-vs-nuggets.html,/playoffs/1978-nba-western-conference-finals-nuggets-vs-supersonics.html,N/A,N/A,N/A,N/A
1978,216,finals,/playoffs/1978-nba-finals-bullets-vs-supersonics.html,/playoffs/1978-nba-finals-supersonics-vs-bullets.html,N/A,N/A,N/A,N/A
1977,217,eastern conference first round,/playoffs/1977-nba-eastern-conference-first-round-celtics-vs-spurs.html,/playoffs/1977-nba-eastern-conference-first-round-spurs-vs-celtics.html,N/A,N/A,N/A,N/A
1977,218,eastern conference first round,/playoffs/1977-nba-eastern-conference-first-round-bullets-vs-cavaliers.html,/playoffs/1977-nba-eastern-conference-first-round-cavaliers-vs-bullets.html,N/A,N/A,N/A,N/A
1977,219,western conference first round,/playoffs/1977-nba-western-conference-first-round-warriors-vs-pistons.html,/playoffs/1977-nba-western-conference-first-round-pistons-vs-warriors.html,N/A,N/A,N/A,N/A
1977,220,western conference first round,/playoffs/1977-nba-western-conference-first-round-trail-blazers-vs-bulls.html,/playoffs/1977-nba-western-conference-first-round-bulls-vs-trail-blazers.html,N/A,N/A,N/A,N/A
1977,221,eastern conference semifinals,/playoffs/1977-nba-eastern-conference-semifinals-rockets-vs-bullets.html,/playoffs/1977-nba-eastern-conference-semifinals-bullets-vs-rockets.html,N/A,N/A,N/A,N/A
1977,222,eastern conference semifinals,/playoffs/1977-nba-eastern-conference-semifinals-76ers-vs-celtics.html,/playoffs/1977-nba-eastern-conference-semifinals-celtics-vs-76ers.html,N/A,N/A,N/A,N/A
1977,223,western conference semifinals,/playoffs/1977-nba-western-conference-semifinals-lakers-vs-warriors.html,/playoffs/1977-nba-western-conference-semifinals-warriors-vs-lakers.html,N/A,N/A,N/A,N/A
1977,224,western conference semifinals,/playoffs/1977-nba-western-conference-semifinals-trail-blazers-vs-nuggets.html,/playoffs/1977-nba-western-conference-semifinals-nuggets-vs-trail-blazers.html,N/A,N/A,N/A,N/A
1977,225,eastern conference finals,/playoffs/1977-nba-eastern-conference-finals-76ers-vs-rockets.html,/playoffs/1977-nba-eastern-conference-finals-rockets-vs-76ers.html,N/A,N/A,N/A,N/A
1977,226,western conference finals,/playoffs/1977-nba-western-conference-finals-trail-blazers-vs-lakers.html,/playoffs/1977-nba-western-conference-finals-lakers-vs-trail-blazers.html,N/A,N/A,N/A,N/A
1977,227,finals,/playoffs/1977-nba-finals-trail-blazers-vs-76ers.html,/playoffs/1977-nba-finals-76ers-vs-trail-blazers.html,N/A,N/A,N/A,N/A
1976,228,eastern conference first round,/playoffs/1976-nba-eastern-conference-first-round-braves-vs-76ers.html,/playoffs/1976-nba-eastern-conference-first-round-76ers-vs-braves.html,N/A,N/A,N/A,N/A
1976,229,western conference first round,/playoffs/1976-nba-western-conference-first-round-pistons-vs-bucks.html,/playoffs/1976-nba-western-conference-first-round-bucks-vs-pistons.html,N/A,N/A,N/A,N/A
1976,230,eastern conference semifinals,/playoffs/1976-nba-eastern-conference-semifinals-celtics-vs-braves.html,/playoffs/1976-nba-eastern-conference-semifinals-braves-vs-celtics.html,N/A,N/A,N/A,N/A
1976,231,eastern conference semifinals,/playoffs/1976-nba-eastern-conference-semifinals-cavaliers-vs-bullets.html,/playoffs/1976-nba-eastern-conference-semifinals-bullets-vs-cavaliers.html,N/A,N/A,N/A,N/A
1976,232,western conference semifinals,/playoffs/1976-nba-western-conference-semifinals-warriors-vs-pistons.html,/playoffs/1976-nba-western-conference-semifinals-pistons-vs-warriors.html,N/A,N/A,N/A,N/A
1976,233,western conference semifinals,/playoffs/1976-nba-western-conference-semifinals-suns-vs-supersonics.html,/playoffs/1976-nba-western-conference-semifinals-supersonics-vs-suns.html,N/A,N/A,N/A,N/A
1976,234,eastern conference finals,/playoffs/1976-nba-eastern-conference-finals-celtics-vs-cavaliers.html,/playoffs/1976-nba-eastern-conference-finals-cavaliers-vs-celtics.html,N/A,N/A,N/A,N/A
1976,235,western conference finals,/playoffs/1976-nba-western-conference-finals-suns-vs-warriors.html,/playoffs/1976-nba-western-conference-finals-warriors-vs-suns.html,N/A,N/A,N/A,N/A
1976,236,finals,/playoffs/1976-nba-finals-celtics-vs-suns.html,/playoffs/1976-nba-finals-suns-vs-celtics.html,N/A,N/A,N/A,N/A
1976,237,first round,/playoffs/1976-nba-first-round-colonels-vs-pacers.html,/playoffs/1976-nba-first-round-pacers-vs-colonels.html,N/A,N/A,N/A,N/A
1976,238,semifinals,/playoffs/1976-nba-semifinals-nuggets-vs-colonels.html,/playoffs/1976-nba-semifinals-colonels-vs-nuggets.html,N/A,N/A,N/A,N/A
1976,239,semifinals,/playoffs/1976-nba-semifinals-nets-vs-spurs.html,/playoffs/1976-nba-semifinals-spurs-vs-nets.html,N/A,N/A,N/A,N/A
1976,240,finals,/playoffs/1976-nba-finals-nets-vs-nuggets.html,/playoffs/1976-nba-finals-nuggets-vs-nets.html,N/A,N/A,N/A,N/A
1975,241,eastern conference first round,/playoffs/1975-nba-eastern-conference-first-round-rockets-vs-knicks.html,/playoffs/1975-nba-eastern-conference-first-round-knicks-vs-rockets.html,N/A,N/A,N/A,N/A
1975,242,western conference first round,/playoffs/1975-nba-western-conference-first-round-supersonics-vs-pistons.html,/playoffs/1975-nba-western-conference-first-round-pistons-vs-supersonics.html,N/A,N/A,N/A,N/A
1975,243,eastern conference semifinals,/playoffs/1975-nba-eastern-conference-semifinals-celtics-vs-rockets.html,/playoffs/1975-nba-eastern-conference-semifinals-rockets-vs-celtics.html,N/A,N/A,N/A,N/A
1975,244,eastern conference semifinals,/playoffs/1975-nba-eastern-conference-semifinals-bullets-vs-braves.html,/playoffs/1975-nba-eastern-conference-semifinals-braves-vs-bullets.html,N/A,N/A,N/A,N/A
1975,245,western conference semifinals,/playoffs/1975-nba-western-conference-semifinals-bulls-vs-kings.html,/playoffs/1975-nba-western-conference-semifinals-kings-vs-bulls.html,N/A,N/A,N/A,N/A
1975,246,western conference semifinals,/playoffs/1975-nba-western-conference-semifinals-warriors-vs-supersonics.html,/playoffs/1975-nba-western-conference-semifinals-supersonics-vs-warriors.html,N/A,N/A,N/A,N/A
1975,247,eastern conference finals,/playoffs/1975-nba-eastern-conference-finals-bullets-vs-celtics.html,/playoffs/1975-nba-eastern-conference-finals-celtics-vs-bullets.html,N/A,N/A,N/A,N/A
1975,248,western conference finals,/playoffs/1975-nba-western-conference-finals-warriors-vs-bulls.html,/playoffs/1975-nba-western-conference-finals-bulls-vs-warriors.html,N/A,N/A,N/A,N/A
1975,249,finals,/playoffs/1975-nba-finals-warriors-vs-bullets.html,/playoffs/1975-nba-finals-bullets-vs-warriors.html,N/A,N/A,N/A,N/A
1975,250,eastern div tiebreak,/playoffs/1975-nba-eastern-div-tiebreak-kentucky-vs-york.html,/playoffs/1975-nba-eastern-div-tiebreak-york-vs-kentucky.html,N/A,N/A,N/A,N/A
1975,251,eastern div semifinals,/playoffs/1975-nba-eastern-div-semifinals-colonels-vs-sounds.html,/playoffs/1975-nba-eastern-div-semifinals-sounds-vs-colonels.html,N/A,N/A,N/A,N/A
1975,252,eastern div semifinals,/playoffs/1975-nba-eastern-div-semifinals-louis-vs-nets.html,/playoffs/1975-nba-eastern-div-semifinals-nets-vs-louis.html,N/A,N/A,N/A,N/A
1975,253,western div semifinals,/playoffs/1975-nba-western-div-semifinals-nuggets-vs-stars.html,/playoffs/1975-nba-western-div-semifinals-stars-vs-nuggets.html,N/A,N/A,N/A,N/A
1975,254,western div semifinals,/playoffs/1975-nba-western-div-semifinals-pacers-vs-spurs.html,/playoffs/1975-nba-western-div-semifinals-spurs-vs-pacers.html,N/A,N/A,N/A,N/A
1975,255,eastern div finals,/playoffs/1975-nba-eastern-div-finals-colonels-vs-louis.html,/playoffs/1975-nba-eastern-div-finals-louis-vs-colonels.html,N/A,N/A,N/A,N/A
1975,256,western div finals,/playoffs/1975-nba-western-div-finals-pacers-vs-nuggets.html,/playoffs/1975-nba-western-div-finals-nuggets-vs-pacers.html,N/A,N/A,N/A,N/A
1975,257,finals,/playoffs/1975-nba-finals-colonels-vs-pacers.html,/playoffs/1975-nba-finals-pacers-vs-colonels.html,N/A,N/A,N/A,N/A
1974,258,eastern conference semifinals,/playoffs/1974-nba-eastern-conference-semifinals-celtics-vs-braves.html,/playoffs/1974-nba-eastern-conference-semifinals-braves-vs-celtics.html,N/A,N/A,N/A,N/A
1974,259,eastern conference semifinals,/playoffs/1974-nba-eastern-conference-semifinals-knicks-vs-bullets.html,/playoffs/1974-nba-eastern-conference-semifinals-bullets-vs-knicks.html,N/A,N/A,N/A,N/A
1974,260,western conference semifinals,/playoffs/1974-nba-western-conference-semifinals-bulls-vs-pistons.html,/playoffs/1974-nba-western-conference-semifinals-pistons-vs-bulls.html,N/A,N/A,N/A,N/A
1974,261,western conference semifinals,/playoffs/1974-nba-western-conference-semifinals-bucks-vs-lakers.html,/playoffs/1974-nba-western-conference-semifinals-lakers-vs-bucks.html,N/A,N/A,N/A,N/A
1974,262,eastern conference finals,/playoffs/1974-nba-eastern-conference-finals-celtics-vs-knicks.html,/playoffs/1974-nba-eastern-conference-finals-knicks-vs-celtics.html,N/A,N/A,N/A,N/A
1974,263,western conference finals,/playoffs/1974-nba-western-conference-finals-bucks-vs-bulls.html,/playoffs/1974-nba-western-conference-finals-bulls-vs-bucks.html,N/A,N/A,N/A,N/A
1974,264,finals,/playoffs/1974-nba-finals-celtics-vs-bucks.html,/playoffs/1974-nba-finals-bucks-vs-celtics.html,N/A,N/A,N/A,N/A
1974,265,western div tiebreak,/playoffs/1974-nba-western-div-tiebreak-diego-vs-denver.html,/playoffs/1974-nba-western-div-tiebreak-denver-vs-diego.html,N/A,N/A,N/A,N/A
1974,266,eastern div semifinals,/playoffs/1974-nba-eastern-div-semifinals-colonels-vs-cougars.html,/playoffs/1974-nba-eastern-div-semifinals-cougars-vs-colonels.html,N/A,N/A,N/A,N/A
1974,267,eastern div semifinals,/playoffs/1974-nba-eastern-div-semifinals-nets-vs-squires.html,/playoffs/1974-nba-eastern-div-semifinals-squires-vs-nets.html,N/A,N/A,N/A,N/A
1974,268,western div semifinals,/playoffs/1974-nba-western-div-semifinals-pacers-vs-spurs.html,/playoffs/1974-nba-western-div-semifinals-spurs-vs-pacers.html,N/A,N/A,N/A,N/A
1974,269,western div semifinals,/playoffs/1974-nba-western-div-semifinals-stars-vs-conquistadors.html,/playoffs/1974-nba-western-div-semifinals-conquistadors-vs-stars.html,N/A,N/A,N/A,N/A
1974,270,eastern div finals,/playoffs/1974-nba-eastern-div-finals-nets-vs-colonels.html,/playoffs/1974-nba-eastern-div-finals-colonels-vs-nets.html,N/A,N/A,N/A,N/A
1974,271,western div finals,/playoffs/1974-nba-western-div-finals-stars-vs-pacers.html,/playoffs/1974-nba-western-div-finals-pacers-vs-stars.html,N/A,N/A,N/A,N/A
1974,272,finals,/playoffs/1974-nba-finals-nets-vs-stars.html,/playoffs/1974-nba-finals-stars-vs-nets.html,N/A,N/A,N/A,N/A
